Workbook
Name All: Lists!$A$3:$A$6
Name Customer_Type: Lists!$F$2:$F$4
Name Order_Month: Lists!$D$2:$D$8
Name Order_Status: Lists!$E$2:$E$6
Name Product_Category: Lists!$C$2:$C$7
Name Region: Lists!$A$2:$A$6
Name Sales_Rep: Lists!$B$2:$B$11

Sheet Instructions
B2: Excel Exercise: Build a Regional Sales Performance Tracker
B4: 1. Business Problem
B5: NorthStar Retail Co. sells products across four regions (North, South, East, West) through a team of regional sales representatives. Every order is logged in a system, but the regional sales managers currently have no easy way to check performance — they either wait for a monthly report from HQ or scroll through hundreds of raw rows themselves.
B6: Your job: build an interactive Sales Performance Tracker on the 'Tracker' sheet. A manager should be able to pick a Region, Sales Rep, Product Category, Month, Order Status and Customer Type from dropdown lists, and instantly see updated KPIs (total sales, orders, units, average order value, discount given, target achievement, and an order-status breakdown) — without touching the raw data or writing any new formulas themselves.
B8: 2. What You Are Given
B9: • 'Dataset' sheet — 320 rows of raw order-level data. Do not edit this sheet.
B10: • 'Lists' sheet — the unique values (Region, Rep, Category, Month, Status, Customer Type) used to power your dropdowns. Do not edit this sheet.
B11: • 'Tracker' sheet — a partly-built dashboard. The filter dropdowns are already set up. One KPI ('Total Orders') is already solved for you as a worked example — study its formula in cell C13 before you start. Every other yellow/orange 'TO DO' cell is left for you to complete.
B13: 3. Your Tasks
B14: • Task 1 — Understand the data. Open the 'Dataset' sheet and review the data dictionary below (Section 5).
B15: • Task 2 — Study the dropdowns. Click cells C6:C11 on the 'Tracker' sheet. Each uses Data Validation (Data tab > Data Validation) with its list sourced from the 'Lists' sheet. Notice every list includes an 'All' option — this lets a manager view every record for that field instead of filtering.
B16: • Task 3 — Build the KPI formulas (cells marked 'TO DO'). Use SUMIFS, COUNTIFS and AVERAGEIFS so each KPI recalculates automatically based on the six filter cells. Every filter must be respected by every formula, even the ones already set to 'All'.
... B54: • Add a KPI that shows the single best-selling Product Category by Sales Amount under the current filters, using MAXIFS combined with INDEX/MATCH. This is intentionally harder — attempt it only once the required KPIs above are complete and correct.

Sheet Lists
A1: Region | B1: Sales Rep | C1: Product Category | D1: Order Month | E1: Order Status | F1: Customer Type
A2: All | B2: All | C2: All | D2: All | E2: All | F2: All
A3: North | B3: Aditya Sharma | C3: Electronics | D3: Jan-26 | E3: Delivered | F3: B2C
A4: South | B4: Ananya Das | C4: Apparel | D4: Feb-26 | E4: Pending | F4: B2B
A5: East | B5: Divya Nair | C5: Home & Kitchen | D5: Mar-26 | E5: Cancelled
A6: West | B6: Karthik Iyer | C6: Sporting Goods | D6: Apr-26 | E6: Returned
A7: Note: 'All' is included in every list so a | B7: Neha Joshi | C7: Beauty & Personal Care | D7: May-26
B8: Priya Mehta | D8: Jun-26
B9: Rohan Patel
B10: Sourav Banerjee
B11: Koushik Bhakat

Sheet Dataset
A1: Dataset — Raw Order Data (DO NOT EDIT)
A3: Order ID | B3: Order Date | C3: Region | D3: State | E3: Sales Rep | F3: Product Category | G3: Product Name | H3: Units Sold | I3: Unit Price ($) | J3: Discount % | K3: Sales Amount ($) | L3: Order Status | M3: Customer Type | N3: Order Month
A4: ORD-1180 | B4: 46023 | C4: West | D4: Maharashtra | E4: Rohan Patel | F4: Home & Kitchen | G4: Non-stick Pan | H4: 3 | I4: 3579 | J4: 0.05 | K4: =H4*I4*(1-J4) -> 10200.15 | L4: Pending | M4: B2C | N4: =TEXT(B4,"mmm-yy") -> Jan-26
A5: ORD-1203 | B5: 46024 | C5: East | D5: West Bengal | E5: Sourav Banerjee | F5: Electronics | G5: Bluetooth Speaker | H5: 3 | I5: 2399 | J5: 0.1 | K5: =H5*I5*(1-J5) -> 6477.3 | L5: Delivered | M5: B2C | N5: =TEXT(B5,"mmm-yy") -> Jan-26
A6: ORD-1025 | B6: 46025 | C6: North | D6: Delhi | E6: Priya Mehta | F6: Home & Kitchen | G6: Mixer Grinder | H6: 8 | I6: 3019 | J6: 0.1 | K6: =H6*I6*(1-J6) -> 21736.8 | L6: Returned | M6: B2C | N6: =TEXT(B6,"mmm-yy") -> Jan-26
A7: ORD-1293 | B7: 46025 | C7: South | D7: Kerala | E7: Karthik Iyer | F7: Home & Kitchen | G7: Storage Containers | H7: 9 | I7: 360 | J7: 0.05 | K7: =H7*I7*(1-J7) -> 3078 | L7: Delivered | M7: B2C | N7: =TEXT(B7,"mmm-yy") -> Jan-26
A8: ORD-1188 | B8: 46026 | C8: North | D8: Punjab | E8: Priya Mehta | F8: Beauty & Personal Care | G8: Face Wash | H8: 2 | I8: 409 | J8: 0.05 | K8: =H8*I8*(1-J8) -> 777.1 | L8: Cancelled | M8: B2C | N8: =TEXT(B8,"mmm-yy") -> Jan-26
A9: ORD-1055 | B9: 46027 | C9: North | D9: Haryana | E9: Aditya Sharma | F9: Electronics | G9: Smartwatch | H9: 12 | I9: 2519 | J9: 0.1 | K9: =H9*I9*(1-J9) -> 27205.2 | L9: Pending | M9: B2C | N9: =TEXT(B9,"mmm-yy") -> Jan-26
A10: ORD-1216 | B10: 46028 | C10: West | D10: Gujarat | E10: Neha Joshi | F10: Electronics | G10: Power Bank | H10: 12 | I10: 3779 | J10: 0 | K10: =H10*I10*(1-J10) -> 45348 | L10: Delivered | M10: B2B | N10: =TEXT(B10,"mmm-yy") -> Jan-26
A11: ORD-1038 | B11: 46029 | C11: South | D11: Kerala | E11: Karthik Iyer | F11: Home & Kitchen | G11: LED Lamp | H11: 2 | I11: 2929 | J11: 0.1 | K11: =H11*I11*(1-J11) -> 5272.2 | L11: Delivered | M11: B2C | N11: =TEXT(B11,"mmm-yy") -> Jan-26
A12: ORD-1204 | B12: 46029 | C12: East | D12: Odisha | E12: Ananya Das | F12: Home & Kitchen | G12: Non-stick Pan | H12: 3 | I12: 679 | J12: 0.05 | K12: =H12*I12*(1-J12) -> 1935.15 | L12: Delivered | M12: B2C | N12: =TEXT(B12,"mmm-yy") -> Jan-26
A13: ORD-1266 | B13: 46030 | C13: South | D13: Kerala | E13: Divya Nair | F13: Home & Kitchen | G13: Mixer Grinder | H13: 3 | I13: 1109 | J13: 0.15 | K13: =H13*I13*(1-J13) -> 2827.95 | L13: Pending | M13: B2B | N13: =TEXT(B13,"mmm-yy") -> Jan-26
A14: ORD-1028 | B14: 46032 | C14: South | D14: Kerala | E14: Divya Nair | F14: Beauty & Personal Care | G14: Sunscreen | H14: 9 | I14: 160 | J14: 0.2 | K14: =H14*I14*(1-J14) -> 1152 | L14: Pending | M14: B2C | N14: =TEXT(B14,"mmm-yy") -> Jan-26
A15: ORD-1168 | B15: 46032 | C15: West | D15: Gujarat | E15: Rohan Patel | F15: Home & Kitchen | G15: LED Lamp | H15: 5 | I15: 2370 | J15: 0.1 | K15: =H15*I15*(1-J15) -> 10665 | L15: Delivered | M15: B2B | N15: =TEXT(B15,"mmm-yy") -> Jan-26
... A323: ORD-1220 | B323: 46203 | C323: East | D323: Bihar | E323: Ananya Das | F323: Beauty & Personal Care | G323: Sunscreen | H323: 10 | I323: 349 | J323: 0.15 | K323: =H323*I323*(1-J323) -> 2966.5 | L323: Pending | M323: B2B | N323: =TEXT(B323,"mmm-yy") -> Jun-26

Sheet Tracker
B2: NorthStar Retail Co. — Regional Sales Performance Tracker
B4: STEP 1 — Filters (select from dropdowns)
B6: Region: | C6: All | G6: LEGEND
B7: Sales Rep: | C7: All | H7: Yellow = input cell (dropdown or number you set)
B8: Product Category: | C8: All | H8: Orange 'TO DO' = formula you must write
B9: Order Month: | C9: Feb-26 | H9: Light blue = KPI label (already built)
B10: Order Status: | C10: All
B11: Customer Type: | C11: All | G11: TIP: hover any orange cell for a hint (cell comment).
B12: Monthly Sales Target ($): | C12: 250000
B13: (yellow cells = your inputs; blue text = editable)
B15: STEP 2 — KPI Summary (build the formulas)
B17: Total Orders | C17: =COUNTIFS(Prd[Region],IF($C$6="All","*",$C$6),Prd[Sales Rep],IF($C$7="All","*",$C$7),Prd[Product Category],IF($C$8="All","*",$C$8),Prd[Order Month],IF($C$9="All","*",$C$9),Prd[Order Status],IF($C$10="All","*",$C$10),Prd[Customer Type],IF($C$11="All","*",$C$11)) -> 45
B18: Total Sales Amount ($) | C18: =SUMIFS(Prd[Sales Amount ($)],Prd[Region],IF($C$6="All","*",$C$6),Prd[Sales Rep],IF($C$7="All","*",$C$7),Prd[Product Category],IF($C$8="All","*",$C$8),Prd[Order Month],IF($C$9="All","*",$C$9),Prd[Order Status],IF($C$10="All","*",$C$10),Prd[Customer Type],IF($C$11="All","*",$C$11)) -> 442580
B19: Total Units Sold | C19: =SUMIFS(Prd[Units Sold],Prd[Region],IF(C6="All","*",C6),Prd[Sales Rep],IF(C7="All","*",C7),Prd[Product Category],IF(C8="All","*",C8),Prd[Order Month],IF(C9="All","*",C9),Prd[Order Status],IF(C10="All","*",C10),Prd[Customer Type],IF(C11="All","*",C11)) -> 303
B20: Average Order Value ($) | C20: =AVERAGEIFS(Prd[Sales Amount ($)],Prd[Region],IF(C6="All","*",C6),Prd[Sales Rep],IF(C7="All","*",C7),Prd[Product Category],IF(C8="All","*",C8),Prd[Order Month],IF(C9="All","*",C9),Prd[Order Status],IF(C10="All","*",C10),Prd[Customer Type],IF(C11="All","*",C11)) -> 9835.1111
B21: Total Discount Given ($) | C21: =SUMIFS(Prd[Discount %],Prd[Region],IF(C6="All","*",C6),Prd[Sales Rep],IF(C7="All","*",C7),Prd[Product Category],IF(C8="All","*",C8),Prd[Order Month],IF(C9="All","*",C9),Prd[Order Status],IF(C10="All","*",C10),Prd[Customer Type],IF(C11="All","*",C11)) -> 3.2
B22: Target Achievement % | C22: =SUMIFS(Prd[Sales Amount ($)],Prd[Order Month],IF(C9="All","*",C9))/(IF(C9="All",COUNTA(Order_Month)-1,1)*C12) -> 1.77032
B24: STEP 3 — Order Status Breakdown (still respects all filters)
B25: Order Status | C25: Order Count
B26: Delivered | C26: =COUNTIFS(Prd[Region],IF($C$6="All","*",$C$6),Prd[Sales Rep],IF($C$7="All","*",$C$7),Prd[Product Category],IF($C$8="All","*",$C$8),Prd[Order Month],IF($C$9="All","*",$C$9),Prd[Order Status],IF($C$10="All","*",$C$10),Prd[Customer Type],IF($C$11="All","*",$C$11),Prd[Order Status],B26) -> 24
B27: Pending | C27: =COUNTIFS(Prd[Region],IF($C$6="All","*",$C$6),Prd[Sales Rep],IF($C$7="All","*",$C$7),Prd[Product Category],IF($C$8="All","*",$C$8),Prd[Order Month],IF($C$9="All","*",$C$9),Prd[Order Status],IF($C$10="All","*",$C$10),Prd[Customer Type],IF($C$11="All","*",$C$11),Prd[Order Status],B27) -> 7
B28: Cancelled | C28: =COUNTIFS(Prd[Region],IF($C$6="All","*",$C$6),Prd[Sales Rep],IF($C$7="All","*",$C$7),Prd[Product Category],IF($C$8="All","*",$C$8),Prd[Order Month],IF($C$9="All","*",$C$9),Prd[Order Status],IF($C$10="All","*",$C$10),Prd[Customer Type],IF($C$11="All","*",$C$11),Prd[Order Status],B28) -> 9
B29: Returned | C29: =COUNTIFS(Prd[Region],IF($C$6="All","*",$C$6),Prd[Sales Rep],IF($C$7="All","*",$C$7),Prd[Product Category],IF($C$8="All","*",$C$8),Prd[Order Month],IF($C$9="All","*",$C$9),Prd[Order Status],IF($C$10="All","*",$C$10),Prd[Customer Type],IF($C$11="All","*",$C$11),Prd[Order Status],B29) -> 5
B31: STRETCH GOAL (optional): Best-selling Product Category by Sales Amount under current filters
B32: Top Category: | C32: TO DO (optional)

Sheet Sheet1
E8: Sales
D9: Electronics
D10: Apparel
D11: Home & Kitchen
D12: Sporting Goods
D13: Beauty & Personal Care

Sheet Answer Key (Instructor Only)
B2: ANSWER KEY — Instructor Reference Only (this sheet is hidden by default)
B4: Unhide this sheet (right-click any tab > Unhide) to check student work, or before distributing remove it entirely so students cannot see the solution.
B6: Filters (same as Tracker sheet)
B8: Region: | C8: All
B9: Sales Rep: | C9: All
B10: Product Category: | C10: All
B11: Order Month: | C11: All
B12: Order Status: | C12: All
B13: Customer Type: | C13: All
B14: Monthly Sales Target ($): | C14: 250000
B16: KPI Summary — SOLVED
B18: Total Orders | C18: =COUNTIFS(Dataset!$C$4:$C$323,IF($C$8="All","*",$C$8),Dataset!$E$4:$E$323,IF($C$9="All","*",$C$9),Dataset!$F$4:$F$323,IF($C$10="All","*",$C$10),Dataset!$N$4:$N$323,IF($C$11="All","*",$C$11),Dataset!$L$4:$L$323,IF($C$12="All","*",$C$12),Dataset!$M$4:$M$323,IF($C$13="All","*",$C$13)) -> 320
B19: Total Sales Amount ($) | C19: =SUMIFS(Dataset!$K$4:$K$323,Dataset!$C$4:$C$323,IF($C$8="All","*",$C$8),Dataset!$E$4:$E$323,IF($C$9="All","*",$C$9),Dataset!$F$4:$F$323,IF($C$10="All","*",$C$10),Dataset!$N$4:$N$323,IF($C$11="All","*",$C$11),Dataset!$L$4:$L$323,IF($C$12="All","*",$C$12),Dataset!$M$4:$M$323,IF($C$13="All","*",$C$13)) -> 3521312
B20: Total Units Sold | C20: =SUMIFS(Dataset!$H$4:$H$323,Dataset!$C$4:$C$323,IF($C$8="All","*",$C$8),Dataset!$E$4:$E$323,IF($C$9="All","*",$C$9),Dataset!$F$4:$F$323,IF($C$10="All","*",$C$10),Dataset!$N$4:$N$323,IF($C$11="All","*",$C$11),Dataset!$L$4:$L$323,IF($C$12="All","*",$C$12),Dataset!$M$4:$M$323,IF($C$13="All","*",$C$13)) -> 2119
B21: Average Order Value ($) | C21: =IFERROR(AVERAGEIFS(Dataset!$K$4:$K$323,Dataset!$C$4:$C$323,IF($C$8="All","*",$C$8),Dataset!$E$4:$E$323,IF($C$9="All","*",$C$9),Dataset!$F$4:$F$323,IF($C$10="All","*",$C$10),Dataset!$N$4:$N$323,IF($C$11="All","*",$C$11),Dataset!$L$4:$L$323,IF($C$12="All","*",$C$12),Dataset!$M$4:$M$323,IF($C$13="All","*",$C$13)),0) -> 11004.1
B22: Total Discount Given ($) | C22: =SUMPRODUCT(((Dataset!$C$4:$C$323=$C$8)+($C$8="All")>0)*((Dataset!$E$4:$E$323=$C$9)+($C$9="All")>0)*((Dataset!$F$4:$F$323=$C$10)+($C$10="All")>0)*((Dataset!$N$4:$N$323=$C$11)+($C$11="All")>0)*((Dataset!$L$4:$L$323=$C$12)+($C$12="All")>0)*((Dataset!$M$4:$M$323=$C$13)+($C$13="All")>0)*(Dataset!$H$4:$H$323)*(Dataset!$I$4:$I$323)*(Dataset!$J$4:$J$323)) -> 218274
B23: Target Achievement % | C23: =IFERROR(SUMIFS(Dataset!$K$4:$K$323,Dataset!$C$4:$C$323,IF($C$8="All","*",$C$8),Dataset!$E$4:$E$323,IF($C$9="All","*",$C$9),Dataset!$F$4:$F$323,IF($C$10="All","*",$C$10),Dataset!$N$4:$N$323,IF($C$11="All","*",$C$11),Dataset!$L$4:$L$323,IF($C$12="All","*",$C$12),Dataset!$M$4:$M$323,IF($C$13="All","*",$C$13))/$C$14,0) -> 14.085248
B25: Order Status Breakdown — SOLVED
B26: Order Status | C26: Order Count
B27: Delivered | C27: =COUNTIFS(Dataset!$C$4:$C$323,IF($C$8="All","*",$C$8),Dataset!$E$4:$E$323,IF($C$9="All","*",$C$9),Dataset!$F$4:$F$323,IF($C$10="All","*",$C$10),Dataset!$N$4:$N$323,IF($C$11="All","*",$C$11),Dataset!$L$4:$L$323,"Delivered",Dataset!$M$4:$M$323,IF($C$13="All","*",$C$13)) -> 196
B28: Pending | C28: =COUNTIFS(Dataset!$C$4:$C$323,IF($C$8="All","*",$C$8),Dataset!$E$4:$E$323,IF($C$9="All","*",$C$9),Dataset!$F$4:$F$323,IF($C$10="All","*",$C$10),Dataset!$N$4:$N$323,IF($C$11="All","*",$C$11),Dataset!$L$4:$L$323,"Pending",Dataset!$M$4:$M$323,IF($C$13="All","*",$C$13)) -> 55
B29: Cancelled | C29: =COUNTIFS(Dataset!$C$4:$C$323,IF($C$8="All","*",$C$8),Dataset!$E$4:$E$323,IF($C$9="All","*",$C$9),Dataset!$F$4:$F$323,IF($C$10="All","*",$C$10),Dataset!$N$4:$N$323,IF($C$11="All","*",$C$11),Dataset!$L$4:$L$323,"Cancelled",Dataset!$M$4:$M$323,IF($C$13="All","*",$C$13)) -> 43
B30: Returned | C30: =COUNTIFS(Dataset!$C$4:$C$323,IF($C$8="All","*",$C$8),Dataset!$E$4:$E$323,IF($C$9="All","*",$C$9),Dataset!$F$4:$F$323,IF($C$10="All","*",$C$10),Dataset!$N$4:$N$323,IF($C$11="All","*",$C$11),Dataset!$L$4:$L$323,"Returned",Dataset!$M$4:$M$323,IF($C$13="All","*",$C$13)) -> 26
B32: Top Category (Stretch): | C32: =INDEX(F33:F37,MATCH(MAX(G33:G37),G33:G37,0)) -> Home & Kitchen | F32: Helper (category sales under current filters):
F33: Electronics | G33: =SUMIFS(Dataset!$K$4:$K$323,Dataset!$C$4:$C$323,IF($C$8="All","*",$C$8),Dataset!$E$4:$E$323,IF($C$9="All","*",$C$9),Dataset!$F$4:$F$323,"Electronics",Dataset!$N$4:$N$323,IF($C$11="All","*",$C$11),Dataset!$L$4:$L$323,IF($C$12="All","*",$C$12),Dataset!$M$4:$M$323,IF($C$13="All","*",$C$13)) -> 904662.75
F34: Apparel | G34: =SUMIFS(Dataset!$K$4:$K$323,Dataset!$C$4:$C$323,IF($C$8="All","*",$C$8),Dataset!$E$4:$E$323,IF($C$9="All","*",$C$9),Dataset!$F$4:$F$323,"Apparel",Dataset!$N$4:$N$323,IF($C$11="All","*",$C$11),Dataset!$L$4:$L$323,IF($C$12="All","*",$C$12),Dataset!$M$4:$M$323,IF($C$13="All","*",$C$13)) -> 527653.15
F35: Home & Kitchen | G35: =SUMIFS(Dataset!$K$4:$K$323,Dataset!$C$4:$C$323,IF($C$8="All","*",$C$8),Dataset!$E$4:$E$323,IF($C$9="All","*",$C$9),Dataset!$F$4:$F$323,"Home & Kitchen",Dataset!$N$4:$N$323,IF($C$11="All","*",$C$11),Dataset!$L$4:$L$323,IF($C$12="All","*",$C$12),Dataset!$M$4:$M$323,IF($C$13="All","*",$C$13)) -> 971369.3
F36: Sporting Goods | G36: =SUMIFS(Dataset!$K$4:$K$323,Dataset!$C$4:$C$323,IF($C$8="All","*",$C$8),Dataset!$E$4:$E$323,IF($C$9="All","*",$C$9),Dataset!$F$4:$F$323,"Sporting Goods",Dataset!$N$4:$N$323,IF($C$11="All","*",$C$11),Dataset!$L$4:$L$323,IF($C$12="All","*",$C$12),Dataset!$M$4:$M$323,IF($C$13="All","*",$C$13)) -> 848468.15
F37: Beauty & Personal Care | G37: =SUMIFS(Dataset!$K$4:$K$323,Dataset!$C$4:$C$323,IF($C$8="All","*",$C$8),Dataset!$E$4:$E$323,IF($C$9="All","*",$C$9),Dataset!$F$4:$F$323,"Beauty & Personal Care",Dataset!$N$4:$N$323,IF($C$11="All","*",$C$11),Dataset!$L$4:$L$323,IF($C$12="All","*",$C$12),Dataset!$M$4:$M$323,IF($C$13="All","*",$C$13)) -> 269158.65
